Residue,Betweenness Centrality
Leu26,3368.230466088315
Ile302,3150.4971832104156
Val84,2923.3736950178804
Phe299,2835.95604147278
Val27,2785.049730868119
Val55,2783.0570431924743
Val282,2561.9770842359776
Ala81,2471.500763177629
Asn24,2449.438414341409
Val307,2405.3481887678286
Ser234,2313.053667712812
Val172,2289.3266455843577
Ile303,2281.5054613244947
His278,2262.3382977825663
Ala49,2235.0002807352535
Ile92,2112.5108531984083
Ala48,2111.084634340107
Leu95,2080.33908000937
Asn284,2063.3066002570968
Pro285,2055.4818132342207
Ser91,2006.5857637508973
Met177,1988.5703526081913
Glu312,1970.7628120230956
Ala99,1778.0979880425862
Phe93,1747.9499382429026
Val186,1720.7941780058359
Pro61,1717.4433387190666
Thr88,1654.7061605720296
Ala65,1639.4744416835663
Met193,1637.4821219630971
Gly56,1616.7922139480552
Ser281,1601.90624857928
Trp246,1570.3619478768433
Ile60,1555.625868898499
His306,1552.5520320447902
Arg291,1547.5712129927433
Pro189,1521.160912221138
Ile200,1487.1583319308136
Ala97,1439.9261979154492
Asp170,1420.6355256168517
Asn280,1406.5263517670871
Ala89,1382.6082981847703
Tyr103,1369.3702896125747
Val46,1366.1285858306485
His250,1357.8248190571153
Phe44,1354.8002658626174
Ile238,1344.259352459832
