Residue,Betweenness Centrality
Ile121,2256.3514142194495
Phe282,1905.293296581343
Asp79,1729.1923504742012
Leu124,1564.5193975101415
Phe71,1531.7382934854925
Thr123,1482.3093393094423
Val54,1469.2020003452772
Ile127,1391.0785201480726
Val67,1379.7631109777594
Leu230,1370.9085965197012
His269,1311.3482912127074
Pro323,1149.3190219285696
Ile233,1139.8376760325848
Cys116,1129.4356964443862
Phe336,1126.167091296581
Glu338,1099.7932983705064
Met279,1092.9922636162087
Gly320,1066.7769519302387
Asn51,1055.1424134816457
Ala226,1051.2867788742276
Phe223,1000.8868913594401
Leu75,988.2490881600434
Ile278,968.6754788154395
Ile325,963.8103129322267
Arg131,921.9505285882778
Ala271,904.3401224900246
Thr274,878.7103053605202
Leu272,872.5195811178692
Thr73,863.9075457735822
Arg333,859.4341997145048
Tyr132,857.3211169312211
Ser329,850.3303991533593
Ala76,834.5283307841835
