Residue,Position,AvgAccAtt
S,156,0.03488513885605471
Q,157,0.0600457192794579
G,158,0.042791991442740596
C,159,0.05482077280510822
G,160,0.041079937768387254
E,161,0.09324679753075316
G,162,0.047895204573705996
Q,163,0.059049337531178026
V,164,0.036831194208389206
A,165,0.028252267233256134
L,167,0.031689346047642175
F,168,0.03249389902339317
E,169,0.09944473563518841
D,170,0.047799394131288864
P,173,0.029706060253374744
L,198,0.10613770657073474
A,236,0.03238643769873306
A,243,0.06591582025430398
L,244,0.04692613781662658
L,247,0.04419773331028409
H,250,0.21161410104832612
I,251,0.031201653386233374
N,253,0.0573855512047885
C,254,0.18592307553626597
F,257,0.05675641378911678
Y,271,0.03981601892519393
L,272,0.07045673577522393
A,273,0.06953603142028442
I,274,0.46461546324826486
V,275,0.3367310439607536
L,276,0.19577535423604786
S,277,0.41980811777102645
H,278,0.3741945351313234
T,279,0.5414976900689226
N,280,0.5548438381622418
S,281,0.34817880252330724
V,282,0.09196084529310156
V,283,0.028554104874274344
P,285,0.15390994219796994
Y,288,0.031193440518109128
I,292,0.08224776526003552
R,293,0.40551348888038774
R,296,0.04494078287825687
Q,310,0.050107052928069606
Q,311,0.0325874974951148
E,312,0.031762198224896565
P,313,0.05395334951754194
L,322,0.033767150503990706
Q,325,0.032165362856176216
