Residue,Position,AvgAccAtt
A,176,0.13452421511184792
F,193,0.1959221253803965
F,194,0.20564667842654674
T,195,0.170343842676175
Y,199,0.22803271309848586
A,200,0.22825707974384696
S,203,0.18581996754511532
V,206,0.19392903742713363
S,207,0.21197163513892292
P,211,0.22474341260168038
L,212,0.18124688306503245
V,213,0.1666748178870156
A,226,0.13292155253127463
H,269,0.13067831968123755
V,292,0.19495908909685747
H,296,0.17240328726613457
Q,299,0.14837565945882145
K,305,0.14657125318096384
L,311,0.17847882764359663
