Residue,Position,AvgAccAtt
C,125,0.056048440645351576
R,175,0.09236088649079952
A,176,0.13452421511184792
T,177,0.11563815376932021
H,178,0.07574279820832429
Q,179,0.08019764134896927
E,180,0.07303416104914126
C,191,0.06737447476280066
D,192,0.12742859309582857
F,193,0.1959221253803965
F,194,0.20564667842654674
T,195,0.170343842676175
Q,197,0.0680773800307482
Y,199,0.22803271309848586
A,200,0.22825707974384696
I,201,0.09512767508444735
S,203,0.18581996754511532
I,205,0.05960075608810674
V,206,0.19392903742713363
S,207,0.21197163513892292
F,208,0.11794865597731286
Y,209,0.06508615139677924
V,210,0.09782599967184069
P,211,0.22474341260168038
L,212,0.18124688306503245
V,213,0.1666748178870156
I,214,0.07618609368725707
M,215,0.06548516993913471
V,216,0.10809548307955197
E,225,0.11418233628354338
A,226,0.13292155253127463
Q,229,0.09314738492284982
L,266,0.09032618481971019
K,267,0.056649404992371664
E,268,0.10302968077034318
H,269,0.13067831968123755
K,270,0.08021657668933517
T,281,0.06771290044918743
P,288,0.06444007975582551
F,289,0.07834293080107577
V,292,0.19495908909685747
H,296,0.17240328726613457
V,297,0.09695593898616058
Q,299,0.14837565945882145
D,300,0.10309398256980748
I,303,0.06217302321463573
R,304,0.07743135075137768
K,305,0.14657125318096384
L,311,0.17847882764359663
G,315,0.05543371769589559
Y,316,0.08883085604740397
V,317,0.09812718054114102
N,318,0.09847227887043294
S,329,0.05482545436245356
P,330,0.1003869790695262
