Residue,Position,AvgAccAtt
E,161,0.09324679753075316
E,169,0.09944473563518841
L,198,0.10613770657073474
H,250,0.21161410104832612
C,254,0.18592307553626597
I,274,0.46461546324826486
V,275,0.3367310439607536
L,276,0.19577535423604786
S,277,0.41980811777102645
H,278,0.3741945351313234
T,279,0.5414976900689226
N,280,0.5548438381622418
S,281,0.34817880252330724
V,282,0.09196084529310156
P,285,0.15390994219796994
I,292,0.08224776526003552
R,293,0.40551348888038774
